[
    {
        "id" : 103,
        "name" : "hello",
        "job" : "unemployed",
        "phone_number" :111111111111
    },

    {
        "id" : 131,
        "name" : "what",
        "job" : "worker",
        "phone_number" :111111111111
    },

    {
        "id" : 1,
        "name" : "tring",
        "job" : "developer",
        "phone_number" :111111111111
    },
    {
        "id" : 5,
        "name" : "wrong",
        "job" : "php",
         "phone_number" :111111111111
    }
]